<?xml version="1.0" encoding="UTF-8"?>
<!DOCTYPE hibernate-mapping PUBLIC "-//Hibernate/Hibernate Mapping DTD 3.0//EN" "http://hibernate.sourceforge.net/hibernate-mapping-3.0.dtd">

<hibernate-mapping>

    <class name="entidades.TipoCaso" table="tipocaso">

        <id name="OID" type="string">
            <column name="OIDTipoCaso"/>
            <generator class="uuid2"/>
        </id>

        <property name="codTipoCaso" type="int">
            <column name="codTipoCaso"/>
        </property>

        <property name="nombreTipoCaso" type="string">
            <column name="nombreTipoCaso"/>
        </property>
        
        <property name="fechaFinVigenciaTipoCaso" type="date">
            <column name="fechaFinVigenciaTipoCaso"/>
        </property>
        
        
        
     

    </class>

</hibernate-mapping>